Company/Brand,HeadQuarter,Sector,What it does,Amount($),Funding Year
TheCollegeFever,Bangalore,"Brand Marketing, Event Promotion, Marketing, Sponsorship, Ticketing","TheCollegeFever is a hub for fun, fiesta and frolic of Colleges.",250000.0,2018
Happy Cow Dairy,Mumbai,"Agriculture, Farming",A startup which aggregates milk from dairy farmers in rural Maharashtra.,584885.3888567373,2018
MyLoanCare,Gurgaon,"Credit, Financial Services, Lending, Marketplace",Leading Online Loans Marketplace in India,950438.7568921981,2018
PayMe India,Noida,"Financial Services, FinTech",PayMe India is an innovative FinTech organization which offers short term financial suport to corporate employees.,2000000.0,2018
Eunimart,Hyderabad,"E-Commerce Platforms, Retail, SaaS",Eunimart is a one stop solution for merchants to create a difference by selling globally.,1.0,2018
Hasura,Bangalore,"Cloud Infrastructure, PaaS, SaaS","Hasura is a platform that allows developers to build, deploy, and host cloud-native applications quickly.",1600000.0,2018
Tripshelf,Kalkaji,"Internet, Leisure, Marketplace",Tripshelf is an online market place for holiday packages.,233954.1555426949,2018
Hyperdata.IO,Hyderabad,Market Research,Hyperdata combines advanced machine learning with human intelligence.,731106.7360709216,2018
Freightwalla,Mumbai,"Information Services, Information Technology",Freightwalla is an international forwarder thats helps you manage supply chain by providing online tools including instant quotations.,1.0,2018
Microchip Payments,Bangalore,Mobile Payments,Microchip payments is a mobile-based payment application and point-of-sale device,1.0,2018
BizCrum Infotech Pvt. Ltd.,Delhi,"B2B, Shoes",Building Transactionary B2B Marketplaces,1.0,2018
Emojifi,Bangalore,Internet,"Emojifi is an app that provides live emoji, stickers & GIFs suggestions based on the typed words across chat platforms.",1.0,2018
Flock,India,"Apps, Collaboration, Developer Platform, Enterprise Software, Messaging, Productivity Tools, Video Chat",Flock is a real-time messaging and collaboration app for teams that speeds up and simplifies communication and boosts productivity.,1.0,2018
Freshboxx,Hubli,Food Delivery,"Freshboxx is incubated at Sandbox Startups, a unit of the Deshpande Foundation.",1.0,2018
Wide Mobility Mechatronics,Bangalore,Industrial Automation,Wide Mobility Mechatronics is a Private Company limited by Shares,1.0,2018
Pitstop,Bangalore,"Automotive, Search Engine, Service Industry",Pitstop offers general repair and maintenance services for cars through its doorstep service vehicles.,1462213.4721418433,2018
Mihuru,Mumbai,"Finance, Internet, Travel",Mihuru is an online platform which gives micro loans for air travel .,150000.0,2018
Fyle,Bangalore,"Accounting, Business Information Systems, Business Travel, Finance, SaaS",Fyle is an intelligent expense management platform for enterprises.,1100000.0,2018
AppWharf,Delhi,"Artificial Intelligence, Product Search, SaaS, Service Industry, Software",Appwharf is an intelligent assistant that helps find you the best-fit SaaS for your business.,1.0,2018
Antariksh Waste Ventures Pvt ltd,Chennai,"Internet of Things, Waste Management",Waste Management for Smart Cities,7311.067360709216,2018
Cogoport,Mumbai,"Air Transportation, Freight Service, Logistics, Marine Transportation",Cogoport is a platform that provides freight buying industry with spot rates and bidding process for freight buyers.,6000000.0,2018
PaisaDukan,Mumbai,Financial Services,A P2P lending marketplace platform,650000.0,2018
Sleepy Owl Coffee,Delhi,Food and Beverage,"Makers of a signature coffee that's exceptional in taste. It's super easy to brew, requires no equipment & ships to your door.",511774.7152496451,2018
BlueJack,Delhi,Autonomous Vehicles,Delhi-based online used vehicles marketplace.,935816.6221707796,2018
PregBuddy,Bangalore,"Enterprise Software, Health Care, Hospital, Parenting, Personal Health, SaaS",PregBuddy is a smart connected care platform for expecting mothers.,1.0,2018
AgNext Technologies,Mohali,"Agriculture, Analytics, Big Data, Farming",AgNext is an agricultural sensing and solutions company focused on building data-driven solutions for agricultural stakeholders,1.0,2018
Pando,Chennai,"Logistics, Supply Chain Management",A startup which digitizes logistics operations for Fortune 500 companies.,2000000.0,2018
Mintifi,Mumbai,"Financial Services, Lending",Online lending startup based in Mumbai.,2000000.0,2018
Carcrew,Mumbai,"Automotive, Marketplace, Online Portals",India's Online Auto Repair Marketplace,2000000.0,2018
NicheAI,Hyderabad,Artificial Intelligence,Early stage Artificial Intelligence (AI) start up.,1.0,2018
Chariot Tech,Delhi,"Internet of Things, Telecommunications",Chariot Tech is an Internet of Things (IoT) startup based in New Delhi.,292442.69442836865,2018
Ideal Insurance Brokers/ 121Policy.com,Kolkata,Insurance,Ideal Insurance Broking is one of the leaders in insurance broking domain.,1000000.0,2018
Loanzen,Bangalore,Financial Services,Loanzen helps small businesses get unsecured working capital loans against their their pending invoices.,1.0,2018
Mojro Technologies,Bangalore,"Information Technology, Logistics, Supply Chain Management",Mojro envisions to be the world's largest technology-enabled logistics platform.,650000.0,2018
Elemential,Mumbai,"Blockchain, Developer Tools, Enterprise Software","Blockchain Development Platform To Design, Run & Scale Blockchain Networks.",1000000.0,2018
Loadshare,Bangalore,"Industrial Automation, Logistics, Supply Chain Management",LoadShare is India’s fastest growing logistics company,5000000.0,2018
Yumlane,Mumbai,"Food and Beverage, Food Delivery, Snack Food",Food startup Yumlane operated by QwikPik Technology,4000000.0,2018
Kriger Campus,Delhi,Education,A Education Start Up.,438664.04164255294,2018
Pipa+Bella,Mumbai,"E-Commerce, Fashion, Jewelry, Retail",Pipa+Bella is an online store aimed at selling fashionable and affordable costume jewelry at par with international standards and trends,1000000.0,2018
Kaleidofin,Chennai,Financial Services,A fintech platform.,2800000.0,2018
Chakr Innovation,Delhi,Renewable Energy,Chakr has developed the world’s first retro-fit emission control device for diesel generators.,1.0,2018
IndigoLearn,Hyderabad,"E-Learning, Education",India's the premier education destination catering to the needs of aspiring students of the CA community.,150000.0,2018
UClean,India,"Clean Energy, CleanTech, Laundry and Dry-cleaning",UClean is a tech enabled laundry service provider.,584885.3888567373,2018
Coutloot,Mumbai,"E-Commerce, Fashion, Mobile",The Fashion Re-commerce platform.,1000000.0,2018
Letstrack,Delhi,"Apps, Messaging, Navigation, Public Safety","Letstrack GPS tracking devices to track your kids, bike, car and other vehicles. GPS trackers for Vehicle Tracking System in India.",1700000.0,2018
Pooltoo,Delhi,Transportation,Pooltoo offers a premium ride sharing platform.,1.0,2018
Finzy,Bangalore,"Financial Services, Lending",finzy is the premier peer to peer lending solution in India.,1300000.0,2018
Fitternity,Mumbai,"Fitness, Health Care, Wellness",India's largest online fitness platform that provides an integrated eco-system to help users start & sustain their fitness journey,2000000.0,2018
Keito,Pune,"Artificial Intelligence, Machine Learning, SaaS, Virtual Assistant",Building an Intelligent Digital Assistant.,1.0,2018
Tolet for Students,Jodhpur,Hospitality,"Reserve your Room, Hostel or Paying Guest, while relocating for higher education.",73110.67360709216,2018
Chai Kings,Chennai,"Food and Beverage, Tea",Chai Kings is a tea retail chain,292442.69442836865,2018
Dainik Jagran,Kanpur,"Media and Entertainment, News, Outdoors",Dainik Jagran is a media and communications group.,584885.3888567373,2018
Playtoome,Bangalore,"Broadcasting, Media and Entertainment, Music, Music Streaming, Video, Video Streaming",Playtoome is a live entertainment destination,292442.69442836865,2018
ONGO Framework,Hyderabad,"B2B, Information Services, Information Technology",ONGO Framework is a B2B IT and digital solution provider.,1000000.0,2018
Notesgen,Delhi,"EdTech, Education, Enterprise Software, Peer to Peer",A Global Peer-to-Peer and Peer-to-Group Learning Platform that helps students supplement their academic & competitive exam prep.,182776.6840177304,2018
Arogya MedTech,Kolkata,"Health Care, Medical",Arogya MedTech is a Research & Development organization in Bio-Medical industry.,219332.02082127647,2018
Propshop24,Mumbai,E-Commerce,"Propshop24, a one-stop shop for a handpicked selection of 'fun'tastic products from around the world.",500000.0,2018
myUpchar,Delhi,"Health Care, Hospital, Wellness",To bring health issues to people in their language.,5000000.0,2018
MissMalini Entertainment,Mumbai,—,"MissMalini Entertainment is a multi-platform new media network dedicated to Entertaining, Connecting & Empowering young Indians.",1520702.011027517,2018
Rooter,India,Sports,Rooter is a mobile-based platform,657996.0624638294,2018
ZestMoney,Bangalore,"Big Data, Consumer Lending, FinTech",Zest is India's first completely automated consumer digital lending platform.,13400000.0,2018
alphaics Corporation,Bangalore,"Cloud Computing, Computer, Semiconductor",Advancing AI compute,1.0,2018
MyDentistChoice,Hyderabad,"Health Care, Medical, Pharmaceutical",MyDentistChoice is a direct sales and distribution of dental equipment and accessories from top name manufacturers,500000.0,2018
Sattviko,Delhi,"Food Processing, Retail",Sattviko fosters wellness and shares Indianness through the Sattvik way of cooking that is wholesome and tasty!,1.0,2018
Sensibull,Bangalore,Trading Platform,Investment Management Platform,365553.3680354608,2018
Bombay Shaving Company,Delhi,"Consumer Goods, Lifestyle, Men's",Bombay Shaving Company is a Men's grooming startup,1.0,2018
MedCords,Pune,Wellness,Medcords is India’s first holistic healthcare ecosystem on a cloud platform that makes health management easier,386024.3566454466,2018
University Living,Delhi,Education,University Living is an online global student housing marketplace.,1.0,2018
&ME,Bangalore,"Food and Beverage, Food Processing, Nutrition",Food and Beverage startup focussing on developing products using ayurveda with modern science for women empowerment and fitness.,1.0,2018
Enakshi,Ahmedabad,Fashion,Enakshi is an online apparel brand for women.,116977.07777134745,2018
Ultraviolette Automotive,Bangalore,"Automotive, Electric Vehicle, Energy Storage",Ultraviolette is a startup working on electric two-wheelers and energy infrastructure.,877.3280832851059,2018
Inthree Access,Chennai,"Consulting, Retail, Social",Inthree Access is an impact venture that connects the most inaccessible rural markets with products that can transform lives in Rural India.,4000000.0,2018
BUGWORKS Research India,Bangalore,"Biotechnology, Life Science, Pharmaceutical, Product Research",BUGWORKS is a drug discovery company.,9000000.0,2018
Guardian.in,Mumbai,Health Care,GNC is a leading global specialty retailer of health and wellness products that takes pride to be the world's largest company,1.0,2018
PrestLoans,Delhi,"Credit, Financial Services, FinTech, Personal Finance","PrestLoans New age tech driven RBI regd NBFC helping businesses by providing easy, quick n hassle free loans.",100000.0,2018
Wimoxez,Hyderabad,Internet,"Data Intelligence Publishing Platform, We bring the best resources to learn valuable technologies which will shape tomorrow.",20000.0,2018
India Accelerator,Gurgaon,"Communities, Coworking, Incubators",India Accelerator runs mentorship-driven incubation and acceleration programs for start ups.,1.0,2018
HappyEMI,Bangalore,"Consumer, Financial Services, FinTech",HappyEMI is a point of sale digital lending platform that helps consumers finance their purchases in-store and online,1000000.0,2018
Wishup,Azadpur,"Consumer Applications, Information Services, Location Based Services, Virtual Assistant",Premium Personal Assistance service,1.0,2018
Hansel.io,Bangalore,"Mobile, Mobile Apps, Personalization, Test and Measurement, Web Apps","Hansel, a mobile app management platform, provides the infrastructure that companies need, in order to personalize product experiences.",4000000.0,2018
Propelld,Bangalore,"Education, Financial Services, FinTech",Propelld is a student education financing platform.,250000.0,2018
PivotRoots,Mumbai,"Advertising, Consulting, Digital Marketing",Digital Marketing powered by Data & Technology; fueled by Design thinking,1.0,2018
ZiffyHomes,Delhi,"Marketplace, Real Estate, Rental Property",ZiffyHomes is a technology driven marketplace to find out home on rent.,120000.0,2018
Carmesi,Gurgaon,Health Care,Carmesi is a brand of high-end menstrual-hygiene products in India.,497152.5805282267,2018
OckyPocky,Haryana,"E-Learning, Internet, Video Games",OckyPocky is a interactive and personalised language learning app for preschool kids.,1.0,2018
Racetrack,Bangalore,"Artificial Intelligence, Cloud Computing, Video","Racetrack is a sales and support-focused AI-driven platform designed for education, real estate, and e-commerce sectors.",5000770.074725104,2018
WHR,Pune,"Health Care, Information Technology","WHR is to make affordable healthcare a reality for all. Our vision is to make healthcare services easier, better and more accessible.",143145.0,2018
Asteria Aerospace,Bangalore,Aerospace,Asteria Aerospace is a robotics and artificial intelligence company.,1.0,2018
FabAlley,Noida,"E-Commerce, Fashion, Lifestyle","FabAlley is the ultimate Indian fashion destination for fashion-forward, indie-chic girls. Founded in 2012, Tanvi Malik and Shivani Poddar",8773280.83285106,2018
Tranzmeo,Cochin,"Artificial Intelligence, Business Intelligence, Industrial Automation, Machine Learning",Tranzmeo Connect : is A Complete Comprehensive Anomaly forensic Solution with Actionable Insights.,1.0,2018
SBI Life,Mumbai,Insurance,SBI Life is one of the life insurance company that offers a range of life insurance plans and policies to protect you and your family.,742000000.0,2018
Studds Accessories,Faridabad,E-Commerce,Studds Accessories is a scooter accessories service provider in India,14622134.721418433,2018
Design Cafe,Bangalore,"Home Decor, Home Improvement, Home Renovation, Home Services, Interior Design, Smart Home","Design + Execution Organization that delivers beautiful & innovative designs for Home Interiors, in any budget.",29244269.442836866,2018
NoPaperForms Solutions Pvt. Ltd.,Delhi,"EdTech, Education, Information Services, SaaS","NoPaperForms is a marketing automation, lead nurture and enrolment management platform for educational institutions",3980000.0,2018
Rays Power Infra,Jaipur,"Energy, Solar",Rays Power Infra is a leading integrated Solar Power Company.,29244269.442836866,2018
AuthMetrik,Gurgaon,"B2B, Biometrics, Cyber Security, Fraud Detection, SaaS, Security","SaaS, B2B, Security, Stop account sharing, Fraud Detection",10000.0,2018
Khidki,Bangalore,"Artificial Intelligence, Social",Vernacular Social Network Focused on Town Level Content and Interactions,1.0,2018
LetsTransport,Bangalore,"Logistics, Transportation, Travel",Lets transport is a logistics solution provider.,14622134.721418433,2018
Next Digital Solutions,Kota,"Digital Marketing, SEM, SEO, Web Development",Next Digital Solutions is website design & Digital Marketing development company.,1462.213472141843,2018
Portea Medical,Bangalore,"Health Care, Hospital, Medical",Portea Medical is the largest and fastest growing provider of in-home medical care in India today with a 24-city network.,3655533.680354608,2018
Aavas Financiers,Jaipur,"Finance, Financial Services","Aavas Financiers is engaged in the business of providing housing loans, primarily in the un-served, unreached and under-served market.",29244269.442836866,2018
Swiggy,Bangalore,"Food Delivery, Food Processing, Internet",Swiggy is a food ordering and delivery company that provides food service solutions for restaurants.,1000000000.0,2018
Milkbasket,Haryana,"E-Commerce, Food and Beverage, Internet","Milkbasket delivers milk, bread, eggs, butter, juices and other daily need items, every morning, right at your doorstep, free of charge.",7000000.0,2018
Nutrisattva (Proliva),Anand,"Fitness, Food and Beverage, Health Care, Nutrition",Nutrisattva is a protein innovation compan,1.0,2018
Toppr,Mumbai,"EdTech, Education, Knowledge Management",Toppr.com is an online preparation platform for entrance exams in India.,35000000.0,2018
Jagaran Microfin,Kolkata,—,Jagaran Microfin is a Microfinance institution which achieves a healthy amalgamation of social and financial,8042174.096780138,2018
Vivriti Capital,Chennai,Financial Services,Vivriti Capital is an online platform for institutional debt in India.,28500000.0,2018
Be U Salons,Delhi,"Apps, Beauty, Consumer, Retail",Be U is India's first subscription based Salon Chain.,438664.04164255294,2018
Impact Guru,Mumbai,"Creative Agency, Crowdfunding, EdTech, Health Care, Internet, Medical, Non Profit, Personal Health","We're a Harvard incubated crowdfunding platform for nonprofits, social enterprises, startups and individuals.",2000000.0,2018
MobiKwik,Gurgaon,"Consumer Lending, Financial Services, FinTech, Insurance, Lending, Mobile Payments, Payments, Wealth Management",MobiKwik is a payments backed fintech platform in India. MobiKwik App offers instant loans & investment products to the 500M masses of India,3509312.3331404235,2018
Stones2Milestones,Gurgaon,"E-Learning, Education, Higher Education",Stones2milestones is a Gurgaon Based Learning Company.,1.0,2018
Generico,Mumbai,"Health Care, Medical, Pharmaceutical",Generico is the fastest growing specialized pharmacy retail chain of Generic medicines.,1.0,2018
Adiuvo Diagnostics,Chennai,Health Diagnostics,Adiuvo Diagnostics is a medical diagnostic device company based in India.,1.0,2018
DataTrained,Bangalore,"EdTech, Education","DataTrained is a educational platform, which operates an ed-tech startup on data science",1754656.1665702118,2018
OneAssist,Mumbai,"Financial Services, SaaS, Security",OneAssist is a protection & assistance services platform.,2400000.0,2018
Satin Creditcare Network Limited (SCNL),Delhi,"Banking, Finance, Financial Services, Non Profit",Satin is a non-banking finance company providing individual loans to urban shopkeepers.,30000000.0,2018
APAC Financial Services,Mumbai,"Finance, Financial Services",APAC Financial Services is a financial services platform.,36555336.80354608,2018
Moglix,Noida,"B2B, E-Commerce, Mobile","Moglix is a supplier of industrial tools like hand tools, power tools, electrical, and safety equipment.",23000000.0,2018
SEDEMAC Mechatronics,Mumbai,"Automotive, Electric Vehicle, Renewable Energy",SEDEMAC Mechatronics is technology company that distributes control-intensive products for automobiles.,1.0,2018
MadGuy Labs,Hyderabad,E-Learning,MadGuy Labs is a Online Test-prep Platform.,150000.0,2018
Dee Dee Labs,Pune,"Embedded Systems, Health Care, Medical, Product Research",Dee Dee Labs is design and development lab with a primary focus on the development of next generation of bionic prostheses.,1.0,2018
FLEECA,Jaipur,—,FLEECA is a Tyre Care Provider company.,1.0,2018
Shop101,Mumbai,"Apps, E-Commerce, Internet",#1 Online Selling App. India’s leading social commerce platform. Setup free online store in 2 min. Sell own goods or resell Shop101 Supply.,11000000.0,2018
FeedMyPockets,Bangalore,"Advertising, Human Resources, Marketing",On Demand Staffing Platform,643373.927742411,2018
Housejoy,Bangalore,"Beauty, Fitness, Home Services, Internet",Housejoy is a web-based platform that allows individuals to browse and book service providers for their homes.,3240000.0,2018
Ambee,Bangalore,"Health Care, Medical Device, Public Safety",Ambee is an Environment analytics startup.,1.0,2018
FoodBuddy,Belgaum,"Food Delivery, Online Portals, Restaurants","FoodBuddy is a online food delivery portal, providing boundary breaking delivery.",877328.0832851059,2018
Ninjacart,Bangalore,"AgTech, B2B, Supply Chain Management",Ninjacart is a B2B agri-marketing platform that connects vegetables and fruits farmers directly with businesses.,36555336.80354608,2018
Olly Smart Credit Card,Delhi,"Credit Cards, Finance, Mobile Apps, Mobile Payments, Payments",Olly is a digital credit card for India's working masses and young people.,1.0,2018
Zestl,Pune,Software,"No-Code Workflow Automation. Build enterprise applications in days with AI, Cognitive Automation, Collaboration and more built in.",1.0,2018
BYJU’S,Bangalore,"EdTech, Education, Higher Education, Secondary Education",BYJU’s is an edtech company that is reinventing how students learn through its learning app.,540000000.0,2018
Wakefit,Bangalore,"Manufacturing, Retail",Wakefitkart is a mattress manufacturing company. We manufacture the best quality mattresses at affordable prices.,9504387.568921981,2018
Hero Electric,Delhi,Manufacturing,"Hero Electric, a 100% subsidiary of the Hero Group, is a pioneer in the Indian Electric Vehicle Industry.",23395415.554269493,2018
Pentation Analytics,Mumbai,"Information Services, Information Technology, InsurTech",Pentation as an Insurtech enables insurers and intermediaries with our Insurance Analytics Suite- an Insurance specific AI/ML Software Suite,1.0,2018
PerkFinance,Bangalore,"Consumer Lending, FinTech",PerkFinance partners with employers to provide affordable loans to their employees at no cost to the company,900000.0,2018
Roposo,Gurgaon,"Internet, Social Network, TV",Roposo - TV by the People is a unique social media platform where people express visually with homemade videos and photos.,10000000.0,2018
Plum Goodness,Thane,"Beauty, Health Care",Plum Haircare Is Silicone-Free & Sulphate-Free. Designed For Damaged & Dandruff-Free Hair,1.0,2018
Drstore,Mumbai,Hospital,Drstore is a exclusive e- commerce platform.,1.0,2018
Wow Venue,Mumbai,Events,Wow Venue is an online platform.,1500000.0,2018
Chizel,Pune,"3D Printing, Manufacturing, Product Design",Chizel is a worlds most advanced cloud platform for on-demand manufacturing in 3D Printing and CNC Machining,1.0,2018
OTO Capital,Mumbai,Automotive,OTO Capital is a platform that allows you to own a car faster than ever.,731106.7360709216,2018
Boodmo,Gurgaon,"Automotive, Retail",boodmo.com - large online marketplace for auto parts in India.,1023549.4304992902,2018
Khabri,Haryana,"Apps, Audio",Khabri is a digital audio platform for content in vernacular.,1.0,2018
MyNewCar.in,Gurgaon,"Automotive, E-Commerce",MyNewCar.in offers new cars at best price with great deals. Book a new car online or request a doorstep test drive,1000000.0,2018
HalaPlay Technologies,Bangalore,"Digital Entertainment, Fantasy Sports, Sports",A daily fantasy sports platform.,5000000.0,2018
PlanetSpark,Gurgaon,"E-Learning, EdTech, Education",PlanetSpark is an after-school Maths and English learning program for pre teen kids between Grades 2nd to 7th.,233954.1555426949,2018
WheelsEMI,Pune,—,"WheelsEMI is the brand name of NBFC, WheelsEMI Pvt. Ltd.",14000000.0,2018
Forum for Innovation Incubation Research and Entrepreneurship,Margão,"Funding Platform, Incubators, Non Profit","FiiRE, a technology business incubator helps the startup process to move from the garage to the lab.",1498768.8089453892,2018
OYO,Gurgaon,"Hospitality, Hotel, Leisure, Travel",OYO is an Indian hospitality startup that operates a network of budget hotels.,100000000.0,2018
Quikr,Bangalore,"Classifieds, Internet, Marketplace, Rental Property","Quikr is a free classifieds and online marketplace that helps users sell, buy, rent, or discover anything across India.",8042174.096780138,2018
Tabono,Gurgaon,Sports,Tabono is a one stop environment for all your fitness solution.,1.0,2018
LearnApp,Noida,"Banking, E-Learning, Trading Platform","Learnapp.co - Video courses & live classes in investing, trading, banking and finance.",292442.69442836865,2018
Shopkirana,Indore,"E-Commerce, Mobile, Retail",Shopkirana connects brands and traditional retailers with the help of technology and supply chain innovation.,2000000.0,2018
Fric Bergen,Alwar,—,Fric Bergen is a leader in the specialty food industry.,1.0,2018
Articbot,Kannur,"Artificial Intelligence, Information Technology",Articbot is a conversational AI platform for automated customer support and lead generation,17546.56166570212,2018
BuildSupply,Gurgaon,"Enterprise Resource Planning (ERP), Information Services, Information Technology, Real Estate",India’s most advanced ERP system for the real estate,3655533.680354608,2018
Fusion Microfinance,Delhi,"Banking, Finance, Financial Services",Fusion Microfinance Pvt. Ltd. is an NBFC registered with RBI,76035100.55137585,2018
Any time Doctor,Chennai,Software,Anytime Doctor is a Software company.,1.0,2018
Go Payments,Mumbai,"Information Services, Information Technology",Go Payments was founded with the mission of assisting consumers with performing a whole host of financial services at their doorstep.,1.0,2018
Guiddoo World,Mumbai,"Audio, Mobile, Tourism, Travel",We build In-Destination Experiences!,800000.0,2018
ION Energy,Mumbai,"Energy, Energy Storage, Infrastructure",A stealth startup building a layer of infrastructure for highly efficient energy storage systems.,1041000.0,2018
UnoTag,Bangalore,Artificial Intelligence,SaaS to verify counterfeit,100000.0,2018
CivilCops,Gurgaon,"Government, Information Technology, Software",Gov-Tech,100000.0,2018
Rockmetric,Mumbai,Information Technology,"Smarter analytics to understand how each customer uses your product. Drive growth in conversion, retention and engagement.",1.0,2018
Classworks India,Chennai,"Education, Information Technology, Internet, Mobile, Software","Saas, Web App, Mobile App, School Education",1462.213472141843,2018
Snapmint,Mumbai,"Consumer Lending, Financial Services, Lending, Personal Finance","Snapmint facilitates simplified, fairly-priced and hassle-free EMI options without a Credit Card.",1.0,2018
artbandhu,Bangalore,"Digital Media, Internet, Media and Entertainment, Online Portals, Social Media",Ai platform for Art and Creative Community,15000.0,2018
Survaider,Bangalore,"Business Intelligence, Customer Service, Market Research, SaaS",Stethoscope for customer feedback !,500000.0,2018
Credy,Bangalore,"Credit, Financial Services, FinTech, Lending",Credy is a fintech platform that connects borrowers seeking capital with lenders seeking market beating returns.,1400000.0,2018
iChamp,Gurgaon,E-Learning,iChamp is an e education innovation product from RNM E-Services Pvt Ltd.,5000000.0,2018
Qandle,Gurgaon,Software,A cloud-based HR management and employee engagement platform.,1200000.0,2018
Avishkaar Box,Delhi,"Children, Education, Parenting","Avishkaar Box is just not another box full of material rather it is a well researched, thought through solution",731106.7360709216,2018
Gegadyne Energy,Mumbai,"Automotive, Battery, Energy, Energy Storage",A Mumbai-based startup Electric Vehicle (EV) & Energy Storage company.,1.0,2018
HyperXchange,Pune,"E-Commerce, Mobile, Sharing Economy",hyperXchange is India's fastest growing O2O marketplace for premium refurb gadgets,1000000.0,2018
Deftouch,Bangalore,—,Deftouch is a mobile game development company that currently focuses on winning the Cricket gaming market with a social multiplayer game.,1.0,2018
Doodhwala,Bangalore,"Food Delivery, Organic, Organic Food",Doodhwala is an online milk delivery startup that offers over 70 varieties of milk along with a plan based on clients' requirement.,2200000.0,2018
DronaHQ,Mumbai,Mobile,DronaHQ is an enterprise mobile engagement platform.,500000.0,2018
FastFox,Gurgaon,Rental,FastFox: Market Network for Home Rentals (India),1462213.4721418433,2018
BuyForexOnline,Bangalore,Travel,BuyForexOnline.com is India's first completely online provider for buying Foreign Exchange.,2000000.0,2018
Colive.in,Bangalore,Consumer,A technology powered network of Branded Serviced Homes conveniently located near educational institutions & workplaces.,1800000.0,2018
Agricxlab Private Limited,Thane,"B2B, Farming, Marketplace",Online marketplace where farmers and traders can sell their produce to B2B buyers,500000.0,2018
Corefactors,Bangalore,—,"Corefactors is a leading campaign management, business communication and analytics company.",1.0,2018
Fincash.com,Mumbai,Wealth Management,A startup in the personal finance space in India .,150000.0,2018
Pandorum Technologies,Bangalore,Biotechnology,Bengaluru based biotech startup.,3600000.0,2018
Shirsa Labs,Mumbai,"Education, Gaming, Training",Shirsa Labs is a cognitive skill assessment and training portal that provides children with fun educational games.,500000.0,2018
PetSutra,Gurgaon,Veterinary,Gurugram-based Online petcare platform.,138910.2798534751,2018
Awaaz De,Ahmedabad,"Internet, Mobile, Social Entrepreneurship, Telecommunications, Wireless",Awwaz.De develops inclusive mobile solutions that enable organizations to achieve last-mile connectivity for social impact.,1.0,2018
PinkBlue,Bangalore,"Health Care, Hospital, Supply Chain Management",PinkBlue.in - Super-efficient supply-chain for clinical supplies,300000.0,2018
Eduvanz,Mumbai,"Finance, Financial Services","Eduvanz is new, innovative finance company, which is completely revolutionizing the student loan market.",500000.0,2018
Rupeek,Bangalore,"Financial Services, Lending",Rupeek is an asset backed online lending platform currently operating in the space of Gold loans.,6830000.0,2018
Backpacker Panda Holidays Private Limited,Pune,"Tourism, Travel",Backpacker Panda is creating an ecosystem for youth accommodation and travel.,1400000.0,2018
Shape (School Health and Physical Education),Pune,Education,Physical education start up,200000.0,2018
Placio,Noida,"Hospitality, Real Estate",Placio is a student housing and a complete broker-free platform.,2000000.0,2018
Aviom India Housing Finance,Delhi,Finance,Delhi based housing finance company.,2193320.208212765,2018
GenRobotic,Trivandrum,Market Research,A Robotic Company.,1.0,2018
HeyHolidays,Bangalore,"Tourism, Travel","HeyHolidays, a global player in online vacation rentals.",1000000.0,2018
Pratilipi,Bangalore,"Digital Media, EBooks, Publishing, Reading Apps",Amazon's Kindle Direct Publishing for Indian Languages,4300000.0,2018
SectorQube,Ernakulam,"Consumer Electronics, Embedded Systems, Hardware, Smart Building, Software",SectorQube develops smart kitchen devices that make food automatically.,1.0,2018
Food Memories,Ahmedabad,"Food and Beverage, Food Processing",Iconic Indian Delicacies from the most renowned vendors of India Delivered Globally.,1.0,2018
ZAMROO,India,"Internet, Marketplace, Shopping",Zamroo is a growing mobile marketplace that allows users to buy and sell locally.,1.0,2018
Silversparro Technologies Pvt. Ltd,Gurgaon,"Analytics, Computer Vision, Enterprise Software, Machine Learning, Natural Language Processing, Speech Recognition",Silversparro is a deep learning technology solution provider.,300000.0,2018
Creator’s Gurukul,Gurgaon,Facilities Support Services,A coworking space provider.,1.0,2018
Emflux Motors,Bangalore,"Automotive, Electric Vehicle, Energy",Emflux Motors is committed to bring clean and sustainable energy into a state of universal acceptance through technological innovation.,364846.0,2018
Tricog Health Services Pvt Ltd,Bangalore,"Health Care, Health Diagnostics, Predictive Analytics",Predictive Healthcare Analytics Company,4000000.0,2018
Scapic,Bangalore,"Cloud Computing, Computer, SaaS, Software",Virtual/Augmented Reality Start Up .,500000.0,2018
6Degree,Mumbai,"Fashion, Lifestyle, Retail",A fashion enterprise that provides a launchpad to fashion talent and brands using a tech enabled platform,400000.0,2018
Chrysalis (EZ Vidya),Chennai,Education,Chrysalis (EZ Vidya) is India’s leading educational research and innovation organization,1.0,2018
Ekincare,Hyderabad,Medical,EKincare empowers you to take charge of your health by enabling you to monitor critical medical info and make it available anywhere.,1500000.0,2018
Streo,Gurgaon,Music Streaming,"Live stream music from nightclubs, bars & festivals!",1.0,2018
Groww,Kormangala,"Finance, Impact Investing, Internet",Groww offers a new way of investing money.,120000.0,2018
Cell Propulsion,Bangalore,—,Cell Propulsion is an electric mobility startup that designs autonomous electric vehicles.,102354.94304992902,2018
Chezuba,Hyderabad,"Internet, Social Entrepreneurship",Chezuba is a web-based platform enabling skilled professionals to volunteer online with Non-profits worldwide,20470.988609985805,2018
Ontrack Technologies Pvt. Ltd,Bangalore,Retail,Ontrack provides affordable independent transport to those dependent on cabs and autos for commute by renting bikes on a monthly basis.,1.0,2018
Wealthtrust,Mumbai,"Finance, Impact Investing, Mobile Apps",Wealthtrust offers a wealth manager application that enables its users to invest and manage their investments online.,500000.0,2018
Faclon Labs,Mumbai,"Cloud Computing, Computer, Software",Faclon is an IoT and data analytics based tech startup building products to make cities and villages smart.,1.0,2018
Awign Enterprises,Bangalore,"Business Development, Market Research, Outsourcing",Operations and manpower outsourcing startup,731106.7360709216,2018
CollPoll,Bangalore,Education,World-class Enterprise System for Education.,1.0,2018
Zyla Health,Delhi,"Health Care, Hospitality",Zyla is transforming the way healthcare is delivered in India with specific focus on high-risk chronic patients.,1.0,2018
Hubhopper,Delhi,"Internet, Social News, Sports",Get your daily dose of interest as summaries from news and magazine stories .,500000.0,2018
Rubix108 Technologies,Pune,Information Technology,Rubix Total App makes it effortless for Institutes to send home important information and updates about the day’s learning experiences.,1000000.0,2018
Workflexi,Bangalore,Human Resources,"Be Smart, Work on Contract,Be Smart, Hire on Contract",146221.34721418432,2018
Streak,Bangalore,Financial Services,Algorithmic trading platform.,328998.0312319147,2018
Kuants,Gurgaon,Financial Services,Algorithmic trading platform.,73110.67360709216,2018
NiYO Solutions,Bangalore,"Finance, Financial Services, FinTech",NiYO is a fintech company that helps salaried employees access company benefits and other financial services.,13200000.0,2018
Hippo Video,Chennai,"Customer Service, Software, Video, Video Streaming",A video recording and sharing software.,1.0,2018
Satvacart,Gurgaon,"E-Commerce, Food Processing",Satvacart is a Gurgaon’s largest online supermarket,1.0,2018
Daaki,Bangalore,Health Care,Sports Nutrition startup,1.0,2018
Simulanis,Delhi,Training,A Delhi-based Augmented Reality and Virtual Reality technology development company.,500000.0,2018
MY CHIRAAG CAB,Jaipur,Travel,MY CHIRAAG CAB SERVICES PVT LTD,1000000.0,2018
WOTU,Bangalore,Food and Beverage,It operates a business-to-business e-commerce portal for food and beverages.,1.0,2018
Flathalt,Gurgaon,—,FInd your Customized Home here.,50000.0,2018
True Elements,Pune,"Dietary Supplements, Food and Beverage, Health Care, Organic Food, Snack Food",True elements offers a range of high-quality snacks and supplements that are inspired by natural foods consumed by our ancestors.,731106.7360709216,2018
Trendlyne Technologies,Bangalore,Financial Services,Trendlyne Technologies is a stock market analytics platform and marketplace for retail investors.,200000.0,2018
Planys Technologies,Chennai,"Manufacturing, Oil and Gas, Robotics",Planys Technologies is India’s first and only manufacturer of compact ROVs providing underwater robotic inspection and survey solutions.,2050023.2879428642,2018
HealthPlix,Bangalore,"Fitness, Health Care, Wellness",HealthPlix is a healthtech startup,3000000.0,2018
dishq,Bangalore,—,dishq leverages food science and machine learning (AI) to understand and predict people's tastes.,400000.0,2018
Entropik Technology,Bangalore,"Artificial Intelligence, Computer, Machine Learning",The boundaries between Human and Machines are shrinking fast.,1100000.0,2018
myHQ,Delhi,"Collaboration, Communities, Coworking, Sharing Economy",myHQ turns your everyday coffee space into a perfect work zone. Get an amazing work environment without paying any rent.,500000.0,2018
Trell,Bangalore,—,Trell is a location based network which helps you in exploring amazing experiences and annotating places around you.,1250000.0,2018
Kidovators (by GyanLab),Bangalore,"Big Data, EdTech, Machine Learning",Building future human capital through 21st Century Skills programs for K-12,180000.0,2018
Log 9 Materials,Uttar Pradesh,Nanotechnology,Log 9 Materials is a nano-materials manufacturing and RnD startup,438664.04164255294,2018
VTION,Gurgaon,"Analytics, Audio, Digital Media, Innovation Management, Internet Radio, Media and Entertainment",VTION is a media technology innovation firm aiming to solve key problems in the media based ecosystem.,280744.9866512339,2018
HousingMan.com,Bangalore,—,"New Apartments, Flats for Sale in Bangalore",1506079.8763060984,2018
Steradian Semiconductors,Bangalore,—,It is a fabless semiconductor company focused on CMOS millimeter wave products for Radar.,1.0,2018
RupeeCircle,Mumbai,"Financial Services, Lending, Peer to Peer",RupeeCircle is a new age finance company.,584885.3888567373,2018
Wooden Street,Jaipur,"E-Commerce, Furniture, Home Decor, Interior Design, Internet",Woodenstreet.com ensures to fulfill customer’s unique furniture requirements by crafting one-of-a-kind furniture pieces.,1000000.0,2018
The Ken,Bangalore,Digital Media,The Ken is India’s first subscriptions-only business news site,1500000.0,2018
SaffronStays,Mumbai,—,SaffronStays connects travellers to India's Incredible hosts.,2000000.0,2018
Vebbler,Bangalore,"File Sharing, Personalization, Social Media",A personal network for close people,1.0,2018
Foyr,Pune,"Home Decor, Interior Design","Foyr.com is India's first online, automated interior designer",4200000.0,2018
MEngage,Jaipur,"Health Care, Medical Device, Mobile Apps",MEngage is a mass consumer engagement application for doctors on both android and IOS platforms.,175000.0,2018
Inner Being Wellness,Hyderabad,—,"Inner Being Wellness manufactures beauty, wellness, and nutrition products.",511774.7152496451,2018
Kobster,Chennai,"E-Commerce, Facilities Support Services, Procurement, Supply Chain Management",Kobster is a pioneer of B2B eProcurement and an eMarketplace providing Corporates an end-to-end solution for their procure-to-pay cycle.,1.0,2018
Wishberry,Mumbai,"Crowdfunding, Finance, Financial Services",Wishberry is a rewards-based crowdfunding platform that enables users to raise funds for their creative and innovative ideas.,1462213.4721418433,2018
McXtra,Andheri,"Finance, Financial Services, Insurance",McXtra is a digital insurance broking startup.,1300000.0,2018
Magic Crate,Bangalore,"Children, Education, Online Portals","Magic Crate is a theme based stimulating, fun and learning activity box for 4-8 year olds that is mailed to your doorstep every month.",1.0,2018
SmartVizX,Noida,"Software, Virtual Reality",It is a Virtual Reality Solutions StartUp,1450000.0,2018
MySEODoc,Delhi,—,"SEO, PPC, Search Engine Marketing, Social Media Optimization, Content Marketing, Brand Reputation Management",1.0,2018
ENLYFT DIGITAL SOLUTIONS PRIVATE LIMITED,Pune,—,Digital Marketing Agency,2924.426944283686,2018
Scale Labs,Delhi,—,Scale Labs is a cross border e-commerce solutions provider that drives global trade for brands.,1000000.0,2018
HungerBox,Bangalore,"B2B, Food and Beverage, Food Delivery",HungerBox is a full stack B2B F&B technology company delivering food solutions for the corporates in India.,4500000.0,2018
Biryani By Kilo,Noida,"Catering, Food and Beverage, Food Delivery, Food Processing",BBK delivers both authentic taste of Hyderabadi and Lucknowi Biryani prepared in individual earthen Handis with the freshest ingredients.,1000000.0,2018
Wholesome Habits (EAT Anytime),Mumbai,"Food and Beverage, Snack Food",Wholesome Habits (EAT Anytime) is a healthy snacks Company.,500000.0,2018
GoBumpr,Mylapore,"Automotive, E-Commerce, Mobile",Car Service and Bike Service Mobile App,600000.0,2018
Fixpocket,Ahmedabad,"Computer, Digital Marketing, Facilities Support Services, Graphic Design, Internet, Mobile Apps, Social Media Marketing, Web Development",Fixpocket is a internet-based startup.,250000.0,2018
edureka!,Bangalore,"Android, Big Data, Blockchain, Cloud Computing, EdTech, Education, Information Technology, iOS, Training, Web Development","Edureka is the fastest growing online learning platform that offers live, instructor-led courses for professionals from various industries.",2000000.0,2018
Hashtag Loyalty Private Limited,Mumbai,"Analytics, CRM, Loyalty Programs, Machine Learning, Marketing Automation, Retail Technology, SaaS, Small and Medium Businesses",Hashtag Loyalty is a customer engagement and marketing automation tool for local businesses.,1.0,2018
Wow Express,Mumbai,"Delivery, Information Technology, Mobile Apps","WOW, as customers react to his studiously taught, trained, polite and courteous nature.",4500000.0,2018
ZunRoof,Gurgaon,"Environmental Consulting, Renewable Energy",ZunRoof is a rooftop focused solar startup.,242727.43637554598,2018
Eggoz,Indore,"Food and Beverage, Food Processing",Eggoz is a full-stack layer poultry business operator & service provider .,175465.6166570212,2018
Sqrrl Fintech,Gurgaon,"Big Data, Business Intelligence, Financial Services, FinTech, Personal Finance",Personal Finance,1000000.0,2018
GalaxyCard,Noida,"Finance, Financial Services, FinTech",GalaxyCard is a mobile based Instant credit card.,1.0,2018
IndiQube,Bangalore,"Commercial Real Estate, Coworking, Office Administration, Real Estate",IndiQube is a provider of co-working spaces based in Bengaluru.,15000000.0,2018
EGK Foods,Mumbai,"Food and Beverage, Food Processing, Organic Food, Snack Food",A food processing enterprise registered with StartUp India .,292442.69442836865,2018
NirogStreet,Gurgaon,"Apps, Health Care, Internet, Mobile Apps, Personal Health",NirogStreet is an Ayurvedic doctor discovery and appointment booking platform where patients can easily find doctors and fix consultation.,300000.0,2018
Pixr8,Ghaziabad,"Digital Media, Incubators, Social Entrepreneurship",Pixr8 is a global media platform dedicated to Start-ups and business organisations for promoting entrepreneurship work.,50000.0,2018
Nivesh.com,Noida,"Finance, Financial Services, Marketing",Nivesh.com is a mass market mutual funds investment platform.,438664.04164255294,2018
Theranosis Life Sciences,Hyderabad,"Biotechnology, Health Care, Life Science, Medical Device",A fully functioning cell culture facility and molecular biology setup.,1.0,2018
Poshmiles Online Solutions Private Limited,Bangalore,Travel,Poshmiles aims to help point travellers to long weekend trips at popular and undiscovered destinations based on budget & interest.,1.0,2018
Reculta,Noida,"Education, Human Resources",A campus recruitment solution provider.,1.0,2018
Orbo.ai,Mumbai,Internet,Orbo is a computer vision and deep facial technology company.,1.0,2018
Inntot Technologies,Kochi,Consumer Electronics,"Inntot Technologies, is a technology driven company.",1.0,2018
Zoctr Health,Powai,"Apps, Health Care, Hospital, Mobile Apps",Zoctr Health Network is a first-of-its kind pan-India Home & Telehealth Company,1.0,2018
Hey Deedee,Mumbai,"Delivery Service, Logistics, Service Industry",Hey Deedee is a Mumbai-based company that provides solutions to parcel delivery problems.,482530.44580680825,2018
DigiConnectt Technologys,Bangalore,"Information Services, Information Technology",A technology company focused on introducing products that will accelerate and enhance sales productivity and effectiveness .,125000.0,2018
Locus.sh,Bangalore,"Big Data, Data Visualization, Logistics, Software",Locus is an intelligent logistics automation platform.,4000000.0,2018
Sports Flashes Pvt. Ltd,Delhi,"Basketball, Cricket, Cycling, eSports, Fitness, Golf, Health Care, Hockey, Sports, Swimming, Table Tennis, Volley Ball","Sports Flashes operates a sports content app that provides sports news, live scores, fantasy gaming, expert views, trivia, and more.",1000000.0,2018
Inc42,Delhi,"Media and Entertainment, News, Publishing",Inc42 is one of the leading tech media publications of India.,1.0,2018
Picxy,Guntur,Internet,"A stock photo startup based in Amravati, Andhra Pradesh.",130000.0,2018
Huddle,Haryana,Consulting,A coworking incubator Company.,300000.0,2018
Benepik,Gurgaon,Human Resources,HR Technology start-up.,1.0,2018
Cash Suvidha,Delhi,Finance,Cash Suvidha is an Digital Lending Platform that provide working capital finance to SMEs and MSMEs in India.,1000000.0,2018
Smartcoin,Bangalore,"Big Data, Financial Services, Machine Learning, Predictive Analytics",Providing financial access to the millions of mobile users in India using alternative credit assessment,2000000.0,2018
Carmel Organics,Indore,"Agriculture, AgTech, Manufacturing","Carmel Organics is an India-based herb company engaged in sourcing, processing, and distributing herbal tea ingredients.",1.0,2018
Roadcast,Delhi,—,Transforming the way businesses deliver. Work-force & fleet mobility tools.,250000.0,2018
Printline Media(ThePrint),Delhi,"Digital Media, News, Publishing",A digital news platform.,510312.5017775033,2018
Creditas Solutions,Gurgaon,Financial Services,Creditas was set-up in 2015 with an aim to help Financial Institutions find better ways to reach and interact with their customers.,1.0,2018
UrbanPiper,Bangalore,Software,UrbanPiper offers restaurants and chains with a suite of products to manage and analyze their online presence.,1.0,2018
Doxper,Mumbai,"Health Care, Hospital",Doxper is Health tech startup which has created a digital pen and coded paper system for doctors to record patient information,1052793.699942127,2018
i2ifunding,Noida,"Crowdfunding, Finance, Financial Services",i2ifunding is an online marketplace that connects borrowers looking for personal loans with investors looking for alternative investments.,731106.7360709216,2018
ShakeDeal,Bangalore,"B2B, E-Commerce, Enterprise",Home of B2B Commerce,1.0,2018
HelloVerify,Noida,"Fraud Detection, Information Services, Security",HelloVerify is an online background check platform.,1.0,2018
Fasal,Bangalore,"Agriculture, AgTech, Artificial Intelligence, Internet of Things, Machine Learning",Climate Smart Precision Agriculture Platform,120000.0,2018
CoinGeto,Delhi,"Cryptocurrency, Trading Platform",CoinGeto is one of India’s most advanced digital assets exchange.,1754656.1665702118,2018
Avail Finance,Bangalore,"Finance, FinTech, Mobile Payments",Avail is a mobile-first platform aiming to financially include the urban mass of India.,17200000.0,2018
Tripeur,Bangalore,Information Technology,Radical Travel Automation - Cloud Based Corporate Travel & Expense Management Software,600000.0,2018
Wedeterna,Bangalore,Wedding,"Wedeterna is a new-age, personalised and fresh approach to arranged marriages, DIY matrimonial community with only self created profiles.",1.0,2018
Stumagz,Hyderabad,Digital Media,Stumagz is about connecting with Stories Stumagz is about collaborating with people Stumagz is about creating a Cult.,1.0,2018
Doubtnut,Gurgaon,"E-Learning, EdTech, Education, Image Recognition, Machine Learning, STEM Education",Gurgaon based E-learning platform.,511774.7152496451,2018
MCaffeine,Mumbai,Consumer Goods,MCaffeine is India's First Caffeine Infuse Personal Care Brand. It's an extension to the hyperactive lifestyle and individualistic identity.,467908.3110853898,2018
TrustCheckr,Bangalore,Information Technology,A Bengaluru-based fraud analytics solution provider .,100000.0,2018
HealthAssure,Mumbai,"Fitness, Health Care, Wellness",HealthAssure provides access to Discounted & High Quality primary care medical network.,1000000.0,2018
Picture TIme,Delhi,Digital Entertainment,Operator of low-cost mobile cinema theatres in rural areas.,3655533.680354608,2018
1Crowd,Mumbai,"Crowdsourcing, Financial Services, Funding Platform, Venture Capital",Equity crowd funding platform focused on connecting investors with a host of extremely promising Indian start-ups and early stage ventures,3500000.0,2018
Aarav Unmanned Systems,Bangalore,"Delivery, Drones, Geospatial, Robotics",Professional Drones for Enterprise Applications,1.0,2018
Wellthy Therapeutics Pvt Ltd,Mumbai,"Health Care, Hospital","Wellthy is a digital therapeutics company focused on improving patient health through the intersection of technology, and clinical outcomes.",1973988.1873914883,2018
Nua,Mumbai,Consumer Goods,Nua is an e-commerce and feminine care brand platform focused on creating women care products.,1.0,2018
Kuvera.in,Bangalore,Financial Services,An online platform for mutual fund investments.,250000.0,2018
Livehealth,Pune,"Health Care, Information Technology, Management Information Systems",Livehealth is an end-to-end collaborative report management solution. We help you get your medical reports instantly from various health,1100000.0,2018
Gramophone,Indore,Farming,An agricultural inputs startup Company.,1000000.0,2018
Ora,Kolkata,"Business Travel, Hospitality, Hotel, Marketplace, Tourism, Travel Accommodations",Ora is an online marketplace of unique accommodations. Awarded as among top 3000 startups in India by IIM Kolkata.,1.0,2018
Buddy4Study.com,Noida,"Career Planning, Education, Higher Education, Service Industry",Buddy4Study is the best scholarship search engine for Indian students. It also helps organizations to set up their own scholarship schemes.,3000000.0,2018
Predible Health,Bangalore,Medical Device,Healthcare devices for cancer detection,1.0,2018
Syncremedies Healthcare Pvt Ltd,Bangalore,"Alternative Medicine, Health Care","Syncremedies is an Integrated Medicine service that brings together Allopathy, Ayurveda and Homeopathy to treat chronic ailments.",1.0,2018
Blueleaf Cyberspace Systems,Bangalore,"Internet, Software",Bluleaf Cyberspace is Cloud Based Software Company.,1.0,2018
Toffee,Gurgaon,—,"Toffee is a bite size, micro-event & contextual insurtech startup which aims to de-jargonise the insurance buying experience.",1500000.0,2018
ORO Wealth,Mumbai,—,Online wealth management platform,1600000.0,2018
HealWell24,Mumbai,"Dental, Elder Care, Health Care, Home Health Care, Personal Health","HealWell24 is India's emerging technology-empowered healthcare company, aiming to bring world-class quality healthcare services anywhere.",200000.0,2018
Acko General Insurance,Mumbai,"Financial Services, Insurance, Private Social Networking",Acko General Insurance is a digital insurance company in India that redefines insurance for the consumers.,12000000.0,2018
arzooo.com,Bangalore,"Consumer Electronics, E-Commerce, E-Commerce Platforms, Electronics, Shipping, Shopping",E-commerce website promising the best price on any product a consumer buys anywhere on the internet.,219332.02082127647,2018
Bonphul Air Products,Delhi,CleanTech,A clean tech product Company,292442.69442836865,2018
DheeYantra Research Labs,Bangalore,Artificial Intelligence,"DheeYantra is building a cognitive conversational chatbot platform by name ""dhee.ai"" for vernacular languages",1.0,2018
Edyoo,Bangalore,Education,"Edyoo.com is a technology platform that offers the most intuitive design, flexibility, and ease of use.",1000000.0,2018
Chtrbox,Mumbai,"Advertising, Internet, Marketing",Chtrbox connects social media influencers with brands .,146221.34721418432,2018
Aashiyaan Housing and Development Finance,Kolkata,Financial Services,Provide housing finance to those in the informal sector enabling the hither to un-served to own a home of their own.,1973988.1873914883,2018
BetterPlace Safety Solutions Pvt. Ltd.,Bangalore,"Human Resources, Security, Training","BetterPlace provides businesses with contractor workforce management, including onboarding, training, and background checks.",3000000.0,2018
Cashkumar,Bangalore,"Consumer Lending, Finance, FinTech",A P2P Lending Platform connecting millions of financially under-served & new to credit borrowers with investment savvy lenders in India,731106.7360709216,2018
Rocketium,Bangalore,"Marketing, Social Media, Video",Easy video creation for social media.,292442.69442836865,2018
FreightBazaar,Hyderabad,Transportation,FreightBazaar.com is an online platform that connects Truck suppliers with Truck users.,1.0,2018
OPEN,Bangalore,Banking,Open up to a new world of Banking,1.0,2018
mfine,Bangalore,"Health Care, Hospital",Hospital & Health Care Start up,4200000.0,2018
Earth Food,Pune,"Food and Beverage, Food Processing",Earth Food is a healthy Food Start Up.,935816.6221707796,2018
Charcoal Eats,Mumbai,Food Processing,Charcoal Eats aims to bring Dominos style standardisation.,731106.7360709216,2018
Wishfie,Bangalore,Apps,A platform for people to express their opinions in form of short videos around any topic.,1.0,2018
The Social Hook,Bangalore,Marketing,Fast growing Influencer Marketing platform in India.,1.0,2018
FreightBro,Mumbai,"Apps, B2B, Freight Service, Logistics, SaaS, Shipping, Supply Chain Management, Transportation",Software for the new-age freight,1.0,2018
Finwego,Chennai,—,Finwego partners with Small and Medium Businesses in India to offer convenient and responsible credit to their employees,1.0,2018
Cricnwin,Gurgaon,"Digital Entertainment, Fantasy Sports, Gaming, Sports",Cricnwin is a Gurugram - based Fan Engagement Platform,1.0,2018
TheCollegeFever,Bangalore,"Brand Marketing, Event Promotion, Marketing, Sponsorship, Ticketing","TheCollegeFever is a hub for fun, fiesta and frolic of Colleges.",250000.0,2018
Wicked Ride Adventure Services Private Limited,Bangalore,"Automotive, Last Mile Transportation, Peer to Peer, Ride Sharing",Peer-to-Peer motor vehicles sharing,10000000.0,2018
Career Anna,Bangalore,"Commercial, E-Learning, Education",India's Go to Career Commerce Portal,584885.3888567373,2018
ERUDITUS Executive Education,Mumbai,"Continuing Education, EdTech, Education, Skill Assessment","Eruditus, promoted by Alumni of INSEAD and other top business schools, delivers high quality executive education programmes",40000000.0,2018
Gaia Smart Cities,Mumbai,"Smart Cities, Telecommunications",Gaia Smart Cities is an early leader in the rapidly-emerging Internet of Things (IoT) marketplace.,1.0,2018
Square Off,Mumbai,"Internet of Things, Robotics",Delivering Imagination,1100000.0,2018
UrbanClap,Delhi,"Apps, Home Services, Information Services, Information Technology",UrbanClap is India's leading managed marketplace for home services.,50000000.0,2018
Hospals,Delhi,"Medical, Tourism",Hospals is a medical tourism company.,1500000.0,2018
Kogta Financial India Limited,Jaipur,Financial Services,Kogta Financial (India) Ltd is a retail-focused non banking financial company .,22518087.470984384,2018
Perspectico,Delhi,"Career Planning, Education, Internet",An Education Management startup.,1.0,2018
The Souled Store,Mumbai,"Fashion, Graphic Design, Wearables","The Souled Store bring to you awesome t-shirts, framed prints, badges, notebooks, coasters.",3000000.0,2018
Hush - Speak Up. Make Work Better,Bangalore,"Communities, Leisure, Mobile Apps, Software",Enabling diversity of opinions in organizations,657996.0624638294,2018
Drivezy,Bangalore,"Automotive, Rental, Sharing Economy",Drivezy is India's largest vehicle sharing platform which helps people turn their vehicles into earning members of their family.,100000000.0,2018
Freyr Energy,Hyderabad,"Energy, Environmental Consulting, Renewable Energy, Solar","Freyr Energy is a company that provides full service solar provider based in Hyderabad, India.",1500000.0,2018
NIRAMAI Health Analytix,Bangalore,"Health Care, Hospital",NIRAMAI has developed a novel breast cancer screening solution that uses Thermalytix.,6000000.0,2018
CloudSek,Bangalore,"Information Technology, SaaS, Security",Cloudsek is an Infosec Risk assessment company which provides intelligence needed to tackle online threats.,2047098.8609985805,2018
Lendbox,Delhi,"Crowdfunding, Financial Services, Internet",Lendbox is India's leading peer-to-peer lending online lending platform.,877328.0832851059,2018
Verloop,Bangalore,"Customer Service, Information Technology, Internet, Sales Automation",Verloop is an automated customer support and engagement platform.,3000000.0,2018
Flickstree,Mumbai,"Advertising, Artificial Intelligence, Digital Media, iOS, Location Based Services, News, Video, Video on Demand, Video Streaming","Flickstree is a smart video content aggregator, powered by Artificial Intelligence.",1.0,2018
Paymatrix,Hyderabad,"Credit Cards, Payments, Property Insurance, Property Management, Rental Property",India's Leading Property Rent management platform,100000.0,2018
Idha Skin Clinic,Bangalore,"Beauty, Cosmetics, Health Care, Service Industry",Idha skin clinic jayanagar is dedicated to restore health and natural beauty to your skin.,73110.67360709216,2018
InCred,Mumbai,"Banking, Finance, Financial Services",InCred Finance is a mumbai-based non-banking financial company,41900000.0,2018
Vedantu,Bangalore,"EdTech, Education, Mobile, Tutoring",Vedantu provides personalized LIVE Online Tutoring. Vedantu aims to democratize teaching by creating a marketplace of Teachers,11000000.0,2018
Sportido,Noida,"Social Media, Sports",Sportido is a sports discovery app that helps you find people and places to play 700+ sports around you.,1.0,2018
Stelis Biopharma,Bangalore,Biopharma,Stelis Biopharma is a vertically integrated biopharmaceutical company,100000000.0,2018
Magicpin,Gurgaon,"E-Commerce, E-Commerce Platforms, Retail","Magicpin is a platform where users and merchants in a locality discover, interact, and transact.",20617209.95719999,2018
Try & Buy,Delhi,"E-Commerce, Fashion, Shopping",Try & Buy,1.0,2018
Mech Mocha,Bangalore,"Digital Entertainment, Mobile, PC Games",Mech Mocha is a mobile gaming startup based in Bangalore working towards ‘Making India Play’ .,3530000.0,2018
Aye Finance,Gurgaon,"Finance, Financial Services, Small and Medium Businesses",Aye Finance provides financial services to micro and small businesses in Northern India.,1052793.699942127,2018
Aldopay,Chennai,Mobile Payments,Mobile Wallet Focusing on hassle free checkout via Finger Print & OTP.,200000.0,2018
Detect Technologies,Chennai,"Artificial Intelligence, Energy, Oil and Gas",Completely automated remote control system.,3300000.0,2018
Signzy,Bangalore,"Computer, FinTech, Risk Management, Software",Signzy are creating 'building blocks for a Digital Trust system.,3509312.3331404235,2018
CashRich,Mumbai,"Apps, Financial Services, FinTech",A Mumbai-based fin-tech startup,1000000.0,2018
Cloudnine Hospitals,Bangalore,"Child Care, Health Care, Hospital, Medical, Women's",Cloudnine is an Indian chain of women and child care hospitals.,1.0,2018
CropIn Technologies,Bangalore,"Agriculture, Mobile","To discover, develop and deliver innovative solution in Agtech Space",8480838.13842269,2018
Billdesk,Ahmedabad,"Finance, FinTech, Payments, Property Development, Rental","BillDesk, a property of IndiaIdeas.com Ltd. was conceived in early 2000 to solve the frustrations of most of us when it comes to paying",1.0,2018
Yaantra,Delhi,"Information Services, Information Technology, Mobile, Software","Yaantra, India’s leading mobile phone repair, refurbished & Unboxed centre In India",2000000.0,2018
TECHBOOZE,Delhi,Education,"Techbooze[1] ""AN OPEN FORUM"" is an educational enterprise, headquartered in India working across the country.",100000.0,2018
HealthifyMe,Bangalore,"Apps, Fitness, Health Care, mHealth",HealthifyMe is an application that allows its users to achieve their fitness and weight loss goals from their computers and smartphones.,6000000.0,2018
hoi foods,Gurgaon,"Food and Beverage, Food Delivery",India's first hotel dedicated food brand which promises great in room dining experience in budget hotels,526396.8499710636,2018
Perpule,Bangalore,"Apps, Payments, Retail",Perpule is a self-checkout product for retail outlets to enhance the shopping experience of the customers.,4971525.805282267,2018
Royal Sundaram General Insurance Co. Limited,Kalpakkam,"Health Insurance, Insurance, Life Insurance","Royal Sundaram provides comprehensive insurance plans and innovative insurance solutions to individuals, families and businesses.",210000000.0,2018
CleanseCar,Bangalore,Automotive,CleanseCar is a company provides Washing and Repair Services.,511774.7152496451,2018
DRIVEU,Bangalore,"Rental, Taxi Service, Travel",DriveU is a convenient and a quick way of getting on demand drivers for consumers and businesses,1023549.4304992902,2018
Spinny,Gurgaon,"E-Commerce, E-Commerce Platforms, Internet, Retail",Used cars marketplace in India. Ushering new era of transparency and convenience.,11000000.0,2018
Asset Reconstruction Company (India) Ltd.,Mumbai,"Financial Services, Professional Services",Asset Reconstruction Company (India) Ltd. operates as a asset reconstruction company.,1.0,2018
Med365 Healthcare,Jaipur,Health Diagnostics,"Wellness, Specialised Testing, Healthcare at Home",731106.7360709216,2018
Dunzo,Bangalore,"Customer Service, Messaging, Mobile Apps, Personalization",Dunzo is an app that connects you with the nearest available delivery partner to pickup or deliver items for you.,1023549.4304992902,2018
Mobile Premier League (MPL),Bangalore,"Gaming, iOS, Sports",Mobile Premier League(MPL) is a skill based E-Sports platform where you can play your favourite mobile games and win real cash always.,5000000.0,2018
WalMart India,Gurgaon,Retail,"Wal-Mart India Private Limited is a wholly owned subsidiary of Walmart Stores Inc.,",37680000.0,2018
Cred,Bangalore,—,Cred is a platform to celebrate and reward the most creditworthy people of India.,1.0,2018
Meesho,Bangalore,"E-Commerce, E-Commerce Platforms, Internet, Mobile Apps, Social Media","Meesho is an online reseller network of housewives and SMBs, who sell products within their network on social channels.",50000000.0,2018
BhaskarGuru,Bhopal,Search Engine,Bhaskarguru.com is your local search Engine,1000000.0,2018
Gugu,Coimbatore,"Battery, Electric Vehicle, Energy, Renewable Energy, Transportation",Gugu designs & Sells all Electric Connected Two-wheeler's with Network of Open & Free Fast charging Stations across India.,250000.0,2018
FarmTaaza,Bangalore,"Agriculture, Farmers Market, Farming",Farm Taaza provides expert advice to the farmers on improving the yield and improving the field operations of the farmer.,1.0,2018
Vizzbee,Bhopal,"Artificial Intelligence, Drones, Navigation, Packaging Services, Robotics",Autonomous Drone Solutions for last mile delivery as well as search and rescue,20000.0,2018
BIGPHI TECHNOLOGIES PVT. LTD.,Bangalore,Fashion,BIGPHI technologies is the India's first technologically advanced apparel and wearable company.,900000.0,2018
Mobycy,Gurgaon,"Fitness, GreenTech, Internet of Things, Mobile Apps, Ride Sharing, Transportation",India's 1st Dockless Bicycle Sharing App,1.0,2018
Traveo Soft Pvt. Ltd.,Bangalore,"Mobile, Software, Travel",AI based Business Travel & Expense management,17546.56166570212,2018
Em Personal Care,Worli,Cosmetics,Em Personal Care is a Cosmetic products manufacturing Company.,1.0,2018
Lucideus,Delhi,"Consulting, Cyber Security, Network Security","Lucideus is a cybersecurity company that offers its customers with consultancy, training, and solutions to counteract cyber-attacks.",5000000.0,2018
Eupheus Learning,Delhi,"E-Learning, EdTech, Education",Eupheus Learning offers a seamless integrated learning solution for the K-12 market in India.,1.0,2018
GamingMonk,Delhi,"eSports, Gaming, Video Games","GamingMonk is an eSports gaming company based out of New Delhi, India.",584885.3888567373,2018
Sukkhi Jewellery,Mumbai,"Fashion, Jewelry",Sukkhi Jewellery is a Contemporary fashion jewellery brand.,7457288.7079234,2018
INDwealth,Gurgaon,Financial Services,INDwealth is an Artificial Intelligence (AI) powered wealth management company,32168696.387120552,2018
Medikabazaar,Mumbai,"B2B, Medical Device",India's largest medical and surgical supplies marketplace,5000000.0,2018
NIRA,Bangalore,"Credit, Financial Services, FinTech, Lending","NIRA promotes financial inclusion by creating simple, transparent products that empower individuals to live a life of choice and freedom.",1000000.0,2018
Duroflex Pvt. Ltd.,Alleppey,"Consumer Goods, Manufacturing",Duroflex Pvt. Ltd. operates as a dominant mattress player.,22000000.0,2018
Clensta,Delhi,"Biotechnology, Health Care, Wellness",A biotechnology start-up was incorporated to improve the National Hygiene condition whilst addressing the aspect of water conservation.,1.0,2018
Jetbrain Robotics,Gurgaon,"Health Care, Hospital, Medical, Robotics","Jetbrain Robotics is Hong Kong / Gurgaon based company, building advanced robotic transportation solutions for multi speciality hospitals.",70000.0,2018
Medimetry,Haryana,Health Care,"MediMetry is an online platform where patients can consult specialists doctors online - from anywhere, at anytime.",1.0,2018
Healthkart,Gurgaon,"E-Commerce, Fitness, Health Care","The one stop shop for health, fitness & beauty.",10000000.0,2018
Indiabulls Ventures,Mumbai,"Financial Services, Venture Capital",Indiabulls Ventures Limited is one of India’s leading capital market companies providing securities and derivative broking services.,225063897.6320725,2018
Vistara,Haryana,Aerospace,Vistara is a joint venture of Tata Sons Limited and Singapore Airlines Limited (SIA),292442694.4283686,2018
ClearTax,Delhi,"Accounting, Apps, FinTech",ClearTax India helps individuals prepare and e-file their Income Tax Return online.,58488538.88567373,2018
Shuttl,Gurgaon,"Apps, Mobile, Transportation","Shuttl provides an app-based office shuttle service to make daily commute safe, reliable, affordable and dignified for everyone.",1000000.0,2018
GuruQ,Delhi,Reading Apps,A one of its kind digital integrated platform connecting tutors and students.,365553.3680354608,2018
Azure Power,Delhi,"Energy, Renewable Energy, Solar","Azure Power produces and distributes solar power to commercial, government, and utility customers in India.",185000000.0,2018
Cube,Mumbai,"Banking, Financial Services, FinTech",Cube is consumer banking focused fintech company.,2047098.8609985805,2018
RAHI Care,Chandigarh,"Health Care, Hospital",RAHI Care is a Health Care company.,1.0,2018
Mynvax,Bangalore,Biotechnology,Mynvax is a biotech Company.,1.0,2018
Loans4SME,Mumbai,Financial Services,Loans4SME is an alternative lending platform.,1.0,2018
UpCyclersLab,Mumbai,"Apps, Education, Retail",UpCyclersLab is a startup that makes sustainability-based learning tools for children above the age of five.,1.0,2018
Cellerite Systems,Hyderabad,Electric Vehicle,Cellerite Systems is a charging solutions provider for electric vehicles.,1.0,2018
Taru Naturals,Mumbai,"Agriculture, Farming",Taru Naturals is a network that connects farmer communities with clean technology and renewable energy.,1.0,2018
LetsMD,Delhi,"Fitness, Health Care, Wellness",LetsMD.com is a marketplace for elective surgeries,1000000.0,2018
Twenty Two Motors,Haryana,"Automotive, Battery, Electric Vehicle, Manufacturing, Mechanical Design",Twenty Two Motors aim of making cutting edge EV technology affordable for the current generation.,65000000.0,2018
Truebil,Mumbai,"Automotive, E-Commerce, Marketplace","Truebil is a team of young, highly motivated professionals who strive to help you buy and sell used cars in the simplest way possible.",2000000.0,2018
FarmersFZ,Kochi,Agriculture,FarmersFZ is an online venture for fresh and safe vegetables and agri products.,1.0,2018
Worxogo,Bangalore,Information Technology,worxogo’s is a pioneering persuasive technology products align employee behaviours .,2412652.2290340415,2018
Vivish Technologies (myGate),Bangalore,"Apps, Information Services, Information Technology",India's leading mobile based security management solution .,9504387.568921981,2018
Singularity Dynamics,Bangalore,Artificial Intelligence,Singularity Dynamics is a Chip-design testing startup.,1.0,2018
Virtual MetalStreet(MetalStreet),Bangalore,"B2B, Marketplace",Virtual MetalStreet(Metalstreet) is a B2B marketplace for steel trading in India,700000.0,2018
Veritas Finance,Guindy,Financial Services,Veritas Finance has been promoted with a primary purpose of meeting the working capital and business credit requirements of the small bus.,30000000.0,2018
Manjushree Technopack,Bangalore,Packaging Services,Manjushree Technopack is a Rigid plastics packaging convertor in India and South Asia.,1.0,2018
GoZefo,Bangalore,"Computer, Furniture, Software",Startup working on a white space in the eCommerce industry.,3070648.291497871,2018
Zomato,Gurgaon,"Food Delivery, Hospitality, Reservations, Restaurants, Search Engine",Zomato is a search app offering detailed information for restaurants as well as online food delivery.,210000000.0,2018
Innov8 Coworking,Delhi,"Collaboration, Communities, Coworking, Real Estate",Innov8 is a Y- Combinator backed company that offers coworking and shared office spaces.,4000000.0,2018
RevFin,Delhi,"Accounting, Banking, Finance",RevFin is a digital lending company.,1.0,2018
Lavelle Networks,Bangalore,"Cloud Computing, Enterprise Software, Network Hardware, Network Security, SaaS",Lavelle Networks provides Software Defined WAN (SD-WAN) Solutions to build end to end Enterprise Networking Platforms for tomorrow,292442.69442836865,2018
Blackbuck,Bangalore,"Information Services, Internet, Logistics, Supply Chain Management, Transportation",Blackbuck is a logistics startup based in India.,29677084.63059085,2018
Cardekho,Gurgaon,"Automotive, E-Commerce, Information Services",Cardekho is a car search venture that helps users buy cars that are right for them.,75000000.0,2018
ElasticRun,Pune,"Delivery, Logistics, Transportation",ElasticRun develops an online system that improves the reception of orders from customers and the dispatch of delivery drivers in India.,8773280.83285106,2018
Droom Technology Private Limited,Gurgaon,"Automotive, E-Commerce Platforms, Marketplace",Droom is a marketplace for automobiles and automobile services.,30000000.0,2018
Vogo Rentals,Kormangala,"Last Mile Transportation, Railroad, Transportation, Travel",Vogo is a dockless scooter rental company in India which lets customers rent scooters for short one way trips.,1169770.7777134746,2018
InnerChef,Gurgaon,"Cooking, E-Commerce, Food and Beverage, Food Delivery, Online Portals",InnerChef is an online food discovery and delivery experience that will make the foodie in you come alive.,1760000.0,2018
LivQuik,Mumbai,"FinTech, Mobile, Mobile Payments, Payments, Retail Technology",LivQuik was incorporated with the vision to simplify payments for merchants and consumers in an increasingly digital world,2700000.0,2018
Disprz,Chennai,"E-Learning, Education","Disprz is a one-of-its-kind “knowledge-tech” start-up that strives to make people knowledgeable, productive and smarter at what they do.",400000.0,2018
9stacks,Delhi,"Online Games, Software",Online gaming startup.,4094197.721997161,2018
Origo,Gurgaon,—,"Origo Commodities, a complete post-harvest management services for agricultural commodities, is the fastest growing company in its sector.",11697707.777134746,2018
YourOwnROOM,Bangalore,"Online Portals, Property Management, Rental","Good quality, strategically located homes closer to work for millennials",750000.0,2018
Vahdam Teas,Delhi,"E-Commerce, Food and Beverage, Tea",Vahdam Teas is a vertically integrated online-first tea brand that sources premium garden fresh teas direct from over 150+ tea plantations.,2500000.0,2018
Spoofin,Delhi,"Music, Social Network, Video",A social networking app that lets you create and view Spoofs of your favourite videos.,1.0,2018
Strom Motors,Mumbai,Automotive,Strom Motors is a smart urban mobility Company.,1.0,2018
PharmEasy,Mumbai,"Health Care, Pharmaceutical, Wellness",PharmEasy - Indias largest healthcare delivery platform,80000000.0,2018
Licious,Bangalore,"Delivery Service, Food and Beverage, Food Delivery","Licious is an online meat and fish ordering startup that solves existing problem of finding safe, delectable, trustworthy fresh meat.",25000000.0,2018
Stanza Living,Delhi,"Hospitality, Information Technology, Travel Accommodations",Stanza Living is a co-living platform created for students moving to a new place.,10674158.346635455,2018
docturnal,Hyderabad,"Biotechnology, Diabetes, Health Care","Docturnal, an online platform, enables individuals to find information and diagnostic services related to diabetes, cancer, and more.",1.0,2018
Bounce (Metro Bikes),Bangalore,"Autonomous Vehicles, Last Mile Transportation, Recreational Vehicles, Rental","Bounce (formerly Metro Bikes) is an urban mobility solution that makes daily commute stress-free, time-saving, reliable, and convenient.",3000000.0,2018
Technology 9 Labs (T9L),Delhi,Information Technology,Technology 9 Labs is an Information Technology and Services company.,1.0,2018
Goals101,Delhi,Financial Services,Goals101 is a one of the fastest growing big-data platforms.,3500000.0,2018
Satya MicroCapital,Delhi,"Finance, Financial Exchanges, Financial Services, Micro Lending",New Delhi-based non-banking financial company.,5848853.888567373,2018
Ummeed Housing Finance Private Limited,Haryana,"Finance, Financial Services",Ummeed Housing Finance Private Limited,8773280.83285106,2018
StockEdge,Kolkata,"Analytics, Apps, Market Research","StockEdge is a unique platform, which is 100% focused on research and analytics",1100000.0,2018
Sequretek,Mumbai,—,Sequretek is a cyber security start-up.,3700000.0,2018
Avenues Payments India Pvt. Ltd.,Mumbai,—,Avenues Payments is an IT solutions provider for the remittance\money transfer and forex industries.,1300000.0,2018
Qbera,Bangalore,"Finance, Financial Services",Qbera is a managed marketplace for unsecured personal loans.,2047098.8609985805,2018
Urban Ladder,Bangalore,"E-Commerce, E-Commerce Platforms, Furniture, Home Decor, Internet",Urban Ladder is a Bangalore-based online furniture company.,5600000.0,2018
Planet11 eCommerce Solutions India (Avenue11),Bangalore,—,"Planet11 is backed by SK Planet, which is a part of the SK Group – one of the largest conglomerates in South Korea.",3801755.0275687925,2018
DailyNinja,Bangalore,"Apps, Mobile, Mobile Apps, Software","Daily Ninja, a mobile app that delivers daily needs on a subscription model",1.0,2018
Iba Halal Care,Ahmedabad,—,Iba Halal Care is a cosmetics brand company.,2193320.208212765,2018
Knocksense,Lucknow,"News, Publishing, Social Media",Knocksense is a fast growing lifestyle website.,1.0,2018
Togedr,Gurgaon,—,Togedr is an activity discovery & booking platform.,1.0,2018
Parkwheels,Haryana,"Industrial, Industrial Automation","Parkwheels aims at solving the big, bad & unsexy parking problems of India.",175465.6166570212,2018
ShareChat,Bangalore,"Internet, Mobile Apps, Social Network",ShareChat is a social networking and regional content platform for the fast growing Internet users in India.,99230000.0,2018
Cyclops Medtech,Bangalore,"Health Care, Health Diagnostics, Internet of Things, Life Science, Machine Learning, Medical, Medical Device",Medtech startup working on clinical and wearable diagnostic and rehab products for neuro vestibular disorders using eye tracking technology.,1000000.0,2018
Livspace,Bangalore,"E-Commerce, Furniture, Interior Design","Livspace is the new online shopping destination where you can design, decorate and furnish your dream home.",70000000.0,2018
NewsBytes,Gurgaon,"Apps, Events, News",NewsBytes provides your everyday news in a contextual timeline to reduce information overload.,1000000.0,2018
Leena AI,Gurgaon,"Artificial Intelligence, Human Resources, Information Services, Information Technology",Leena is smart AI powered HR companion dedicated towards engaging employees.,2000000.0,2018
Max Healthcare,Delhi,"Health Care, Hospital, Supply Chain Management",Max Healthcare is one of the leading chain of hospitals in India.,1.0,2018
GoBolt,Delhi,"Logistics, Railroad, Transportation",Delhi-based logistics technology.,5848853.888567373,2018
GoGaga,Bangalore,"Dating, Private Social Networking",GoGaga is a new age dating app that has removed the mindless swiping on strangers and connects users through their network and find matches.,40000.0,2018
Mate Labs,Bangalore,"Artificial Intelligence, Machine Learning, PaaS",Mate Labs is a machine learning solutions platform for beginners.,550000.0,2018
Furlenco,Bangalore,"Consumer, Furniture, Home Decor, Home Improvement",Furlenco is a Bangalore-based company that offers a home furniture subscription program.,1.0,2018
Ola,Kormangala,"Apps, E-Commerce, Internet, Mobile, Ride Sharing, Transportation",Ola is a mobile app that brings together cab drivers and customers using technology to make transportation hassle-free in India.,50000000.0,2018
DocPrime,Haryana,"Health Care, Health Insurance",DocPrime offers a one-stop healthcare solution right at the comfort of patients' homes.,50000000.0,2018
CLP India Pvt. Ltd.,Mumbai,"Energy, Natural Resources",CLP India Pvt. Ltd. is a foreign investor in the Indian power sector.,365000000.0,2018
Xplorabox,Noida,"E-Commerce, Education, Health Care",Xplorabox is as an educational activity box subscription startup aiming to revolutionize the early education industry.,1.0,2018
Myra,Bangalore,"Apps, Health Care, Pharmaceutical",Myra is a unique solution of technology and operations that makes buying medicines fast and efficient.,127943.67881241128,2018
Vokal,Bangalore,"Internet, Knowledge Management",India's Largest Peer-to-Peer Knowledge Sharing Platform in Indian Languages.,1500000.0,2018
Kissht,Mumbai,"Credit, Finance, FinTech, Lending, Sales Automation","Kissht is a financial technology platform that enables instant, seamless credit for consumers to make purchases at digital points of sales",30000000.0,2018
Upwards Fintech,Mumbai,"Banking, Financial Services, Internet",Upwards Fintech financial company.,5000000.0,2018
Bon(Bonfleet Solutions),Pune,"Financial Services, FinTech","Bon, a Pune-based FinTech firm was created to bring financial services to the gig-economy workforce.",1140526.5082706376,2018
Mamaearth,Gurgaon,"E-Commerce, Health Care, Retail",Mamaearth is an online retailer specializing in baby and toddler products.,4000000.0,2018
BabyChakra,Mumbai,"Child Care, Information Technology",BabyChakra is India's largest & most loved platform to discover the right maternity and childcare.,1.0,2018
Belstar Investment and Finance Private Limited,Chennai,"Financial Services, Micro Lending",Belstar Investment and Finance Private Limited is a provider of scalable microfinance services to entrepreneurs.,28000000.0,2018
Naaptol,Mumbai,"E-Commerce, Retail, Shopping","Koku Gamer is an online platform that offers gaming related news, editorials, reviews, previews, and other content.",15000000.0,2018
Moonshine Meadery,Pune,Food and Beverage,Moonshine Meadery is a first craft meadery.,1.0,2018
Verzeo,Bangalore,E-Learning,Verzeo is anAI-focussed edtech startup.,5000000.0,2018
Haazri,Mumbai,"Food and Beverage, Snack Food, Tea",Haazri is a tea and snack quick service restaurant startup,182776.6840177304,2018
Connect India,Delhi,"Delivery Service, E-Commerce, Logistics","To create pervasive network where connections are simpler, more powerful, more affordable, more global and more available to all.",1.0,2018
Flyrobe,Mumbai,"Fashion, Lifestyle, Rental",Flyrobe is an on-demand apparel rental platform that provides premium designer wear.,3860243.566454466,2018
Scholify,Bangalore,—,Edutech,1.0,2018
Dream11,Mumbai,"Fantasy Sports, Mobile, Sports","Dream11 is India’s Biggest Sports Game with 30 million+ users playing Fantasy Cricket, Football, Kabaddi and NBA.",100000000.0,2018
srJna,Jaipur,Education,"SRJNA is a brand of Elation Edtech Pvt. Ltd., which helps schools to integrate hands on, affordable and turnkey STEM.",1.0,2018
Nykaa,Mumbai,"Beauty, Fashion, Wellness",Nykaa.com is a premier online beauty and wellness destination,16523012.235202828,2018
Chaayos,Delhi,"Food and Beverage, Restaurants, Tea",Chaayos was born in November 2012 out of this premise - a contemporary interpretation of the chai adda.,11843929.12434893,2018
Heelium,Pune,"Fitness, Sporting Goods, Sports",Heelium is an athletic footwear and wearable startup with primary focus on sports safety and sustainability.,1.0,2018
LT Foods,Delhi,"Food and Beverage, Food Processing, Manufacturing",LT Foods believe that nature will continue to nurture us until we as a species continue to breathe and live.,20470988.609985806,2018
Multibashi,Bangalore,"E-Learning, Internet",Free language learning platform.,146221.34721418432,2018
Cleardekho,Ghaziabad,"Eyewear, Internet",Uttar Pradesh based online eyewear marketplace.,1.0,2018
Dailyhunt,Bangalore,"Information Technology, Mobile, News, Operating Systems, Social Media, Social News",NewsHunt is a Bangalore based eBooks company.,6000000.0,2018
SlicePay,Bangalore,"FinTech, Internet, Payments, Service Industry",SlicePay is an AI based instant credit app for youngsters in India.,14900000.0,2018
Udaan,Bangalore,"B2B, Business Development, Internet, Marketplace","Udaan is a B2B trade platform, designed specifically for small and medium businesses in India.",225000000.0,2018
Happyeasygo Group,Haryana,"Tourism, Travel",HappyEasyGo is an online travel domain.,1.0,2018
Mombay,Mumbai,"Food and Beverage, Food Delivery, Internet",Mombay is a unique opportunity for housewives to start household food business and avail everyone with their homemade healthy dishes.,7500.0,2018
Droni Tech,Mumbai,Information Technology,Droni Tech manufacture UAVs and develop software to service a range of industry requirements.,511774.7152496451,2018
Netmeds,Chennai,"Biotechnology, Health Care, Pharmaceutical",Welcome to India's most convenient pharmacy!,35000000.0,2018
